Disease,Property,Spearman_rho,P_value
Alzheimer's,CovalentUnitCount,0.4426,2.2299374130618516e-08
Alzheimer's,Veber #violations,0.378,2.5542532604264414e-06
Alzheimer's,Lipinski #violations,0.3609,7.626064912663835e-06
Alzheimer's,Bioavailability Score,-0.33,4.7496508928216946e-05
Alzheimer's,GI absorption,-0.3041,0.00019045399984046196
Alzheimer's,Egan #violations,0.3041,0.00019045399984046196
Alzheimer's,Muegge #violations,0.2835,0.000524788694564466
Alzheimer's,Ghose #violations,0.2607,0.0014845990640500865
Alzheimer's,ConformerCount3D,-0.2511,0.0022338530717820387
Alzheimer's,Intestinal absorption (human),-0.2423,0.0032140239183658255
Alzheimer's,log Kp (cm/s),-0.2417,0.003289311096422103
Alzheimer's,ExactMass,0.2366,0.0040438838550134705
Alzheimer's,MonoisotopicMass,0.2366,0.0040438838550134705
Alzheimer's,MW,0.2366,0.004043920388498926
Alzheimer's,#Heavy atoms,0.2356,0.0041987714885587425
Alzheimer's,#H-bond donors,0.2344,0.004409298763720472
Alzheimer's,Synthetic Accessibility,0.2343,0.0044256138595242245
Alzheimer's,MR,0.2343,0.0044264377791101385
Alzheimer's,#H-bond acceptors,0.2327,0.004707125390759393
Alzheimer's,Caco2 permeability,-0.2285,0.0055278267661616936
Alzheimer's,HBondAcceptorCount,0.2275,0.00574323058940595
Alzheimer's,BBB permeability,-0.2171,0.008489388250766092
Alzheimer's,HBondDonorCount,0.2131,0.009793683610297477
Alzheimer's,FeatureAnionCount3D,0.1971,0.01708142238632845
Alzheimer's,CNS permeability,-0.1896,0.021906880886077586
Alzheimer's,Total Clearance,-0.185,0.025378078841265375
Alzheimer's,Oral Rat Chronic Toxicity (LOAEL),0.1827,0.02728388053886536
Alzheimer's,#Rotatable bonds,0.1824,0.027551007390974686
Alzheimer's,XLOGP3,-0.1781,0.03146285693298094
Alzheimer's,iLOGP,0.1638,0.04817678747051825
Amyotrophic Lateral Sclerosis,T.Pyriformis toxicity,0.3887,0.000677936592494777
Amyotrophic Lateral Sclerosis,Skin Permeability,0.3509,0.0023347397584327976
Amyotrophic Lateral Sclerosis,undefinedAtomStereoCount,0.3424,0.003027693180778215
Amyotrophic Lateral Sclerosis,Skin Sensitisation,0.3297,0.004391467539884466
Amyotrophic Lateral Sclerosis,Caco2 permeability,0.3101,0.007590875653651316
Amyotrophic Lateral Sclerosis,FeatureDonorCount3D,-0.3034,0.009075303559905186
Amyotrophic Lateral Sclerosis,#H-bond acceptors,-0.277,0.017679091075097676
Amyotrophic Lateral Sclerosis,Volume3D,-0.2681,0.02185238973298594
Amyotrophic Lateral Sclerosis,DefinedAtomStereoCount,-0.257,0.028166597240574822
Amyotrophic Lateral Sclerosis,Pgp substrate,-0.25,0.032945247753304284
Amyotrophic Lateral Sclerosis,Intestinal absorption (human),0.2486,0.03393858271165948
Amyotrophic Lateral Sclerosis,Synthetic Accessibility,-0.2427,0.038595649262168734
Amyotrophic Lateral Sclerosis,#Heavy atoms,-0.2369,0.04357873947839542
Amyotrophic Lateral Sclerosis,ConformerModelRmSD3D,-0.2343,0.04598171130055641
Amyotrophic Lateral Sclerosis,HeavyAtomCount,-0.2322,0.04810053664604983
Huntington's,ExactMass,-0.3525,0.004601912540166246
Huntington's,MonoisotopicMass,-0.3525,0.004601912540166246
Huntington's,Fraction Csp3,0.3507,0.00483895223273179
Huntington's,HeavyAtomCount,-0.3488,0.005081838294554772
Huntington's,Complexity,-0.3464,0.005413221959042735
Huntington's,MW,-0.3443,0.005723616599358483
Huntington's,RotatableBondCount,-0.3428,0.0059527785228335565
Huntington's,#Heavy atoms,-0.3407,0.0062919115361068905
Huntington's,Fraction unbound (human),0.3403,0.006354906027231701
Huntington's,Water solubility,0.3361,0.007073036324930623
Huntington's,MR,-0.3361,0.007075951602288288
Huntington's,TPSA,-0.3341,0.0074457907106305656
Huntington's,HBondAcceptorCount,-0.3313,0.007999585404040015
Huntington's,#H-bond acceptors,-0.3301,0.008246724695105236
Huntington's,#Rotatable bonds,-0.3286,0.008553452831966351
Huntington's,CYP3A4 substrate,-0.3053,0.01498435998629018
Huntington's,Max. tolerated dose (human),0.2869,0.022602108624560153
Huntington's,#Aromatic heavy atoms,-0.2825,0.024873119253998877
Huntington's,Silicos-IT Solubility (mol/l),0.2747,0.02935448475693404
Huntington's,ESOL Solubility (mol/l),0.2746,0.02938888004009444
Huntington's,Silicos-IT class,0.2735,0.030064622556967294
Huntington's,ec50,0.273,0.030426292734102075
Huntington's,ConformerCount3D,-0.2644,0.036244500559090606
Huntington's,ConformerModelRmSD3D,-0.2639,0.03663009386044882
Huntington's,Ali Solubility (mol/l),0.2582,0.04100244472418207
Huntington's,Volume3D,-0.2576,0.041533060026167835
Huntington's,ESOL Class,0.2563,0.04263761930841547
Multiple Sclerosis,CovalentUnitCount,0.4176,2.08307617120747e-06
Multiple Sclerosis,IsotopeAtomCount,0.3961,7.530733353330775e-06
Multiple Sclerosis,undefinedBondStereoCount,0.3961,7.530733353330775e-06
Multiple Sclerosis,CYP3A4 inhibitor,0.2423,0.0076725991010298455
Multiple Sclerosis,log Kp (cm/s),0.2388,0.008609760780069605
Multiple Sclerosis,XLOGP3,0.2265,0.012853658120796635
Multiple Sclerosis,ConformerCount3D,-0.2192,0.01615395542658667
Multiple Sclerosis,hERG II inhibitor,0.2166,0.017509025449100123
Multiple Sclerosis,Ali Solubility (mol/l),-0.2103,0.02111983938162826
Multiple Sclerosis,Silicos-IT Log P,0.1918,0.03580770042603312
Multiple Sclerosis,Ali Class,-0.1899,0.03779376962155527
Multiple Sclerosis,CYP2C9 inhibitor,0.1889,0.03885297470922583
Multiple Sclerosis,ESOL Solubility (mol/l),-0.1872,0.04060296486880046
Multiple Sclerosis,ESOL Class,-0.1867,0.04116980928881325
Multiple Sclerosis,Silicos-IT Solubility (mol/l),-0.1811,0.047812204718706404
Multiple Sclerosis,WLOGP,0.1795,0.049773702391900515
Multiple Sclerosis,Water solubility,-0.1795,0.04977773488242678
Multiple System Atrophy,Renal OCT2 substrate,0.4685,0.001338616110677335
Multiple System Atrophy,P-glycoprotein I inhibitor,0.4417,0.00268390106023345
Multiple System Atrophy,VDss (human),0.4225,0.004276499242813859
Multiple System Atrophy,CYP2D6 inhibitor,0.3761,0.0118628254669777
Multiple System Atrophy,FeatureDonorCount3D,-0.3441,0.022208420918395526
Multiple System Atrophy,HBondDonorCount,-0.3385,0.02461270967451792
Multiple System Atrophy,Leadlikeness #violations,-0.3358,0.02584978504677323
Multiple System Atrophy,#H-bond donors,-0.3356,0.02593545915106954
Multiple System Atrophy,CYP3A4 substrate,0.3251,0.03129746758656073
Multiple System Atrophy,iLOGP,0.3126,0.03884462871022737
Multiple System Atrophy,TPSA,-0.3089,0.041306179879516416
Parkinson's,CYP1A2 inhibitor,0.417,7.98287452298376e-07
Parkinson's,Leadlikeness #violations,-0.3989,2.592856357416479e-06
Parkinson's,Fraction Csp3,-0.3762,1.0263329006899302e-05
Parkinson's,Muegge #violations,-0.3688,1.581980018672542e-05
Parkinson's,#Aromatic heavy atoms,0.3043,0.0004318092787652692
Parkinson's,Ghose #violations,-0.2807,0.0012145386197048615
Parkinson's,Lipinski #violations,-0.2697,0.001916285609092959
Parkinson's,EffectiveRotorCount3D,-0.2486,0.004347125895812462
Parkinson's,Oral Rat Chronic Toxicity (LOAEL),-0.2482,0.004406536716217804
Parkinson's,AMES toxicity,0.2386,0.006258573672230989
Parkinson's,CYP2C19 inhibitor,0.2286,0.00890246010329698
Parkinson's,DefinedAtomStereoCount,-0.2253,0.009964975285959377
Parkinson's,Skin Sensitisation,-0.2196,0.012057856241241591
Parkinson's,RotatableBondCount,-0.219,0.0122899186706505
Parkinson's,GI absorption,0.2185,0.012502418804400285
Parkinson's,FeatureHydrophobeCount3D,-0.2103,0.01634730445082459
Parkinson's,Egan #violations,-0.2026,0.020773518028154792
Parkinson's,Total Clearance,-0.2004,0.022241933079550434
Parkinson's,CYP2C9 inhibitor,0.2001,0.02245081582901407
Parkinson's,#Rotatable bonds,-0.19,0.030389856238319923
Parkinson's,Veber #violations,-0.1859,0.034172074834238696
Spinal Muscular Atrophy,CYP2D6 inhibitor,0.7402,1.5443872441793354e-05
Spinal Muscular Atrophy,CYP3A4 inhibitor,0.7402,1.5443872441793354e-05
Spinal Muscular Atrophy,Pgp substrate,0.6592,0.00024937311940394046
Spinal Muscular Atrophy,FeatureCationCount3D,0.5992,0.0012176422545203138
Spinal Muscular Atrophy,MR,0.566,0.0025778686875514495
Spinal Muscular Atrophy,HeavyAtomCount,0.5605,0.0029004393606681424
Spinal Muscular Atrophy,Silicos-IT class,-0.5602,0.002917328646933614
Spinal Muscular Atrophy,iLOGP,0.5531,0.003381830576995633
Spinal Muscular Atrophy,#Heavy atoms,0.5476,0.003782094059210859
Spinal Muscular Atrophy,VDss (human),0.527,0.0056725496093602045
Spinal Muscular Atrophy,Silicos-IT Solubility (mol/l),-0.527,0.0056725496093602045
Spinal Muscular Atrophy,ExactMass,0.527,0.0056725496093602045
Spinal Muscular Atrophy,MonoisotopicMass,0.527,0.0056725496093602045
Spinal Muscular Atrophy,Ghose #violations,-0.5196,0.006524744954098213
Spinal Muscular Atrophy,XStericQuadrupole3D,0.5149,0.007116654515725191
Spinal Muscular Atrophy,MW,0.514,0.007232543390103878
Spinal Muscular Atrophy,#Aromatic heavy atoms,0.5106,0.007687840660463194
Spinal Muscular Atrophy,hERG II inhibitor,0.5048,0.008542384351053207
Spinal Muscular Atrophy,CYP1A2 inhibitor,0.5048,0.008542384351053207
Spinal Muscular Atrophy,FeatureDonorCount3D,0.492,0.010685610351596845
Spinal Muscular Atrophy,Muegge #violations,-0.4917,0.01072979455962327
Spinal Muscular Atrophy,ConformerCount3D,0.4533,0.02004278442507756
Spinal Muscular Atrophy,Volume3D,0.4497,0.021174692348557997
Spinal Muscular Atrophy,Complexity,0.4491,0.021373924917979324
Spinal Muscular Atrophy,Max. tolerated dose (human),-0.4359,0.026012040522289007
Spinal Muscular Atrophy,Oral Rat Acute Toxicity (LD50),0.4359,0.026012040522289007
Spinal Muscular Atrophy,undefinedAtomStereoCount,0.4347,0.02647589763647608
Spinal Muscular Atrophy,FeatureAnionCount3D,-0.4306,0.028101069075187272
Spinal Muscular Atrophy,Synthetic Accessibility,0.423,0.03133206835296964
Spinal Muscular Atrophy,ki,-0.392,0.047649762218561494
